id_l,id_r,venue_dLs,venue_NW,venue_tv,venue_oc,venue_cs,venue_bag,year_div,title_dLs,title_NW,title_tv,title_oc,title_cs,title_bag,authors_dLs,authors_NW,authors_tv,authors_oc,authors_cs,authors_bag,label
864,4620,0.05882352941176472,0.35294117647058826,0.21739130434782605,0.4545454545454546,0.36563621206356534,0.2941176470588235,1.0,0.27956989247311825,0.3172043010752688,0.3548387096774194,1.0,0.5956833971812706,0.3548387096774194,0.1724137931034483,0.3275862068965517,0.22857142857142854,0.5714285714285714,0.397033333588372,0.27586206896551724,0
2308,13175,0.19999999999999996,0.31666666666666665,0.34375,0.8461538461538461,0.5570066518960167,0.3666666666666667,0.9974987493746873,0.19565217391304346,0.5380434782608695,0.5486725663716814,0.7469879518072289,0.7095103410409196,0.6739130434782609,0.15625,0.46875,0.2954545454545454,0.52,0.4596194077712559,0.40625,0
1008,8591,0.11764705882352945,0.14705882352941174,0.11111111111111116,0.6666666666666666,0.2800560168056019,0.11764705882352945,1.0,0.5396825396825398,0.6666666666666666,0.6197183098591549,0.8461538461538461,0.7687422135960734,0.6984126984126984,0.15384615384615385,0.5192307692307693,0.3783783783783784,0.56,0.5491251783869153,0.5384615384615384,0
1178,16969,0.2428571428571429,0.24285714285714285,0.2428571428571429,1.0,0.4928053803045811,0.2428571428571429,1.0,0.5822784810126582,0.689873417721519,0.8470588235294118,0.9230769230769232,0.9172160579609908,0.9113924050632912,0.6666666666666667,0.7222222222222222,0.6,0.8571428571428571,0.7559289460184544,0.6666666666666667,1
144,39354,0.05405405405405406,0.08108108108108109,0.05128205128205132,0.5,0.1643989873053573,0.05405405405405406,0.9969924812030075,0.25,0.4921875,0.5416666666666666,0.8297872340425532,0.7110918335522359,0.609375,0.22857142857142854,0.38571428571428573,0.42105263157894735,0.8421052631578947,0.620453387463585,0.4571428571428572,0
2304,47973,0.0,0.5,0.0,0.0,0.0,0.0,1.0,0.20833333333333337,0.22916666666666666,0.21621621621621623,0.8888888888888888,0.4444444444444444,0.2222222222222222,0.16666666666666663,0.2708333333333333,0.26923076923076916,0.7777777777777778,0.47628967220784024,0.29166666666666663,0
432,51510,0.050000000000000044,0.125,0.04347826086956519,0.25,0.11180339887498947,0.050000000000000044,0.9984977466199298,0.2435897435897436,0.4423076923076923,0.5421686746987951,0.9,0.7205766921228921,0.5769230769230769,0.23913043478260865,0.29347826086956524,0.24,0.75,0.44232586846469135,0.26086956521739135,0
2305,47786,0.0,0.11538461538461539,0.0,0.0,0.0,0.0,1.0,0.18333333333333335,0.36666666666666664,0.46875,0.8823529411764706,0.6642111641550715,0.5,0.196078431372549,0.30392156862745096,0.3090909090909091,0.8095238095238095,0.5194624816493197,0.33333333333333337,0
1152,54328,0.038461538461538436,0.09615384615384616,0.03448275862068961,0.25,0.09805806756909208,0.038461538461538436,1.0,0.22388059701492535,0.5746268656716418,0.5783132530120482,0.75,0.7330166661378313,0.7164179104477613,0.20454545454545459,0.5113636363636364,0.47272727272727266,0.7027027027027027,0.6443860762255925,0.5909090909090908,0
1283,3113,0.7222222222222222,0.7222222222222222,0.7222222222222222,1.0,0.8498365855987974,0.7222222222222222,1.0,1.0,1.0,1.0,1.0,1.0,1.0,0.039867109634551534,0.039867109634551486,0.039867109634551534,1.0,0.1996674976919165,0.039867109634551534,1
576,52054,0.07999999999999996,0.1,0.07692307692307687,0.6666666666666666,0.23094010767585027,0.07999999999999996,1.0,0.5,0.6630434782608695,0.6346153846153846,0.8461538461538461,0.7791170716723113,0.7173913043478262,0.061224489795918324,0.08163265306122448,0.09090909090909094,0.9,0.2874944542499729,0.09183673469387754,0
1296,47571,0.052631578947368474,0.13157894736842105,0.045454545454545414,0.25,0.1147078669352809,0.052631578947368474,1.0,0.18333333333333335,0.39166666666666666,0.4117647058823529,0.7777777777777778,0.6024640760767093,0.4666666666666667,0.11764705882352944,0.29411764705882354,0.25,0.625,0.42874646285627205,0.2941176470588235,0
432,46359,0.050000000000000044,0.125,0.04347826086956519,0.25,0.11180339887498947,0.050000000000000044,0.9985,0.20512820512820518,0.5641025641025641,0.6521739130434783,0.8108108108108109,0.7897471897389846,0.7692307692307692,0.10869565217391308,0.15217391304347827,0.12244897959183676,0.6666666666666666,0.29488391230979427,0.13043478260869568,0
1584,27947,0.15384615384615385,0.5,0.5,0.7272727272727273,0.6689936080056726,0.6153846153846154,1.0,0.48684210526315785,0.6118421052631579,0.6144578313253012,0.8793103448275862,0.7681559222391919,0.6710526315789473,0.08333333333333337,0.10833333333333334,0.1333333333333333,1.0,0.3651483716701107,0.1333333333333333,0
2129,46631,0.0,0.1176470588235294,0.0,0.0,0.0,0.0,1.0,0.6888888888888889,0.7555555555555555,0.7659574468085106,0.9473684210526316,0.870571500132014,0.8,0.30000000000000004,0.3,0.30000000000000004,1.0,0.5477225575051662,0.30000000000000004,1
1883,27994,0.11764705882352944,0.14705882352941177,0.11111111111111116,0.6666666666666666,0.2800560168056019,0.11764705882352944,1.0,1.0,1.0,1.0,1.0,1.0,1.0,0.046875,0.046875,0.046875,1.0,0.2165063509461096,0.046875,1
2016,45160,0.0,0.15384615384615385,0.0,0.0,0.0,0.0,1.0,0.303030303030303,0.5909090909090909,0.4883720930232558,0.6774193548387096,0.6565706694547585,0.6363636363636364,0.09090909090909094,0.3181818181818182,0.1333333333333333,0.3333333333333333,0.2461829819586654,0.1818181818181817,0
1705,6911,0.9444444444444444,0.9444444444444444,0.9444444444444444,1.0,0.9718253158075502,0.9444444444444444,1.0,1.0,1.0,1.0,1.0,1.0,1.0,0.10810810810810813,0.10810810810810813,0.10810810810810813,1.0,0.3287979746107146,0.10810810810810813,1
2122,27069,0.029850746268656688,0.04477611940298507,0.04411764705882349,0.75,0.1832541665344578,0.044776119402985086,1.0,1.0,1.0,1.0,1.0,1.0,1.0,0.4603174603174604,0.5873015873015873,0.7142857142857143,1.0,0.8451542547285166,0.7142857142857143,1
2304,37863,0.4,0.4,0.4,1.0,0.6324555320336759,0.4,1.0,0.4722222222222222,0.5972222222222222,0.6447368421052632,0.9245283018867925,0.7932167875917657,0.6805555555555556,0.15384615384615385,0.5,0.3157894736842105,0.5,0.48038446141526137,0.46153846153846156,0
2304,33458,0.015625,0.0390625,0.030303030303030276,0.5,0.125,0.03125,1.0,0.45833333333333337,0.6111111111111112,0.6,0.8571428571428571,0.7559289460184544,0.6666666666666667,0.08333333333333337,0.1875,0.1071428571428571,0.4285714285714286,0.23145502494313785,0.125,0
2188,24114,0.24285714285714288,0.24285714285714285,0.24285714285714288,1.0,0.4928053803045811,0.24285714285714288,1.0,0.825,0.825,0.825,1.0,0.9082951062292475,0.825,0.6153846153846154,0.6153846153846154,0.6153846153846154,1.0,0.7844645405527362,0.6153846153846154,1
288,59703,0.9285714285714286,0.9285714285714286,0.9285714285714286,1.0,0.9636241116594316,0.9285714285714286,0.9985007496251874,1.0,1.0,1.0,1.0,1.0,1.0,0.10588235294117644,0.12352941176470587,0.14117647058823524,1.0,0.3757345746510897,0.14117647058823535,0
2304,38741,0.0,0.5,0.0,0.0,0.0,0.0,1.0,0.23655913978494625,0.5,0.5277777777777778,0.7916666666666666,0.6965737963514281,0.6129032258064516,0.125,0.2708333333333333,0.2142857142857143,0.6,0.3872983346207417,0.25,0
2305,5482,0.19999999999999996,0.36,0.31034482758620685,0.6923076923076923,0.4992301766027063,0.36,1.0,0.2421052631578947,0.4368421052631579,0.5656565656565656,0.9333333333333333,0.7417381199564246,0.5894736842105264,0.2549019607843137,0.4803921568627451,0.42622950819672134,0.7222222222222222,0.6067880364121376,0.5098039215686274,0
2447,13474,0.08955223880597019,0.09701492537313433,0.08823529411764708,0.8571428571428571,0.27705425792376603,0.08955223880597019,1.0,0.9824561403508772,0.9912280701754386,0.9655172413793104,0.9824561403508772,0.9824561403508772,0.9824561403508772,0.4545454545454546,0.525974025974026,0.6493506493506493,1.0,0.8058229640253802,0.6493506493506493,1
432,23660,0.0,0.1111111111111111,0.0,0.0,0.0,0.0,0.9985,0.17391304347826086,0.5054347826086957,0.5887850467289719,0.8076923076923077,0.7437026593235698,0.6847826086956521,0.16000000000000003,0.54,0.4545454545454546,0.6521739130434783,0.6255432421712243,0.6,0
2160,24163,0.0,0.11538461538461539,0.0,0.0,0.0,0.0,1.0,0.33333333333333337,0.49206349206349204,0.6376811594202898,0.88,0.7839663096097782,0.6984126984126984,0.2142857142857143,0.37857142857142856,0.33333333333333326,0.7105263157894737,0.5235075456723999,0.3857142857142857,0
2448,7361,0.7222222222222222,0.7222222222222222,0.7222222222222222,1.0,0.8498365855987974,0.7222222222222222,1.0,0.17500000000000004,0.55,0.6666666666666666,0.8,0.8,0.8,0.17142857142857137,0.21428571428571427,0.2222222222222222,0.8888888888888888,0.4507489358552088,0.22857142857142854,0
0,18219,0.15714285714285714,0.17142857142857143,0.18571428571428572,1.0,0.43094580368566726,0.18571428571428572,0.9944972486243121,0.3363636363636363,0.5272727272727272,0.5691056910569106,0.8433734939759037,0.7325928087547757,0.6363636363636364,0.2272727272727273,0.45454545454545453,0.3214285714285714,0.6,0.49543369430686224,0.40909090909090906,0
1584,44552,0.08955223880597019,0.1417910447761194,0.12676056338028174,0.6923076923076923,0.30495336640726367,0.13432835820895528,0.999000999000999,0.2068965517241379,0.49137931034482757,0.5757575757575758,0.8260869565217391,0.735682938029248,0.6551724137931034,0.35,0.5416666666666666,0.5294117647058824,0.8181818181818182,0.7006490497453707,0.6,0
1584,17156,0.2692307692307693,0.38461538461538464,0.3448275862068966,0.7692307692307693,0.5439282932204212,0.3846153846153846,1.0,0.3275862068965517,0.5775862068965517,0.5970149253731343,0.8163265306122449,0.7503224734841288,0.6896551724137931,0.18333333333333335,0.2833333333333333,0.296875,0.8260869565217391,0.5114628069552573,0.31666666666666665,0
1069,35651,0.0,0.08,0.0,0.0,0.0,0.0,1.0,0.5844155844155844,0.5844155844155844,0.5844155844155844,1.0,0.7644707871564383,0.5844155844155844,0.2857142857142857,0.4428571428571429,0.7142857142857143,1.0,0.8451542547285166,0.7142857142857143,1
720,42651,0.0,0.5,0.0,0.0,0.0,0.0,1.0,0.22448979591836737,0.32653061224489793,0.35922330097087385,0.8809523809523809,0.5767187099094084,0.37755102040816324,0.15384615384615385,0.46153846153846156,0.2777777777777778,0.5,0.4385290096535146,0.3846153846153846,0
950,44606,0.02777777777777779,0.06944444444444445,0.05263157894736836,0.5,0.16666666666666666,0.05555555555555558,1.0,0.24,0.57,0.5714285714285714,0.7346938775510204,0.7273098320775917,0.72,0.3076923076923077,0.36538461538461536,0.3214285714285714,0.8181818181818182,0.5321811563901744,0.3461538461538461,0
0,19731,0.1333333333333333,0.2111111111111111,0.2340425531914893,0.8461538461538461,0.4547940268270977,0.2444444444444445,0.994497248624312,0.2272727272727273,0.5409090909090909,0.6299212598425197,0.8247422680412371,0.7744756668711066,0.7272727272727273,0.2,0.5666666666666667,0.2083333333333333,0.3571428571428572,0.3450327796711772,0.33333333333333337,0
1657,2367,0.15000000000000002,0.5,0.48,0.7058823529411765,0.6507913734559685,0.6,1.0,1.0,1.0,1.0,1.0,1.0,1.0,0.19999999999999996,0.4,0.66,1.0,0.812403840463596,0.6599999999999999,1
1015,10804,0.059701492537313376,0.05970149253731344,0.059701492537313376,1.0,0.24433888871261045,0.059701492537313376,0.9990000000000001,1.0,1.0,1.0,1.0,1.0,1.0,0.2,0.43,0.66,1.0,0.812403840463596,0.6599999999999999,1
576,26791,0.0,0.08,0.0,0.0,0.0,0.0,1.0,0.21052631578947367,0.3105263157894737,0.39583333333333326,0.9743589743589743,0.6242944735808493,0.4,0.13265306122448983,0.1683673469387755,0.1568627450980392,0.8,0.3614031611621005,0.16326530612244894,0
1152,50946,0.032258064516129004,0.04838709677419355,0.04761904761904767,0.75,0.19050019050028577,0.048387096774193505,1.0,0.25,0.4453125,0.47887323943661975,0.8292682926829268,0.6637384880265758,0.53125,0.10810810810810811,0.16216216216216217,0.125,0.625,0.29061909685954823,0.1351351351351351,0
2304,54306,0.058823529411764726,0.14705882352941174,0.05000000000000005,0.25,0.12126781251816655,0.058823529411764726,1.0,0.4861111111111112,0.6041666666666666,0.5897435897435898,0.8846153846153846,0.7517785180297054,0.6388888888888888,0.125,0.25,0.1785714285714286,0.5555555555555556,0.3402069087198858,0.2083333333333333,0
2305,12314,0.2068965517241379,0.3275862068965517,0.3548387096774194,0.8461538461538461,0.5665288228870652,0.3793103448275862,0.997997997997998,0.2315789473684211,0.4263157894736842,0.5656565656565656,0.9333333333333333,0.7417381199564246,0.5894736842105264,0.33333333333333337,0.46078431372549017,0.47272727272727266,0.8666666666666667,0.6647029903343877,0.5098039215686274,0
1587,49850,0.0,0.11764705882352941,0.0,0.0,0.0,0.0,1.0,0.19753086419753085,0.30864197530864196,0.36904761904761907,0.9117647058823529,0.5907173488241971,0.3827160493827161,0.07999999999999996,0.08333333333333333,0.07947019867549665,0.9230769230769231,0.27174648819470293,0.07999999999999996,0
1353,25944,0.7222222222222222,0.7222222222222222,0.7222222222222222,1.0,0.8498365855987974,0.7222222222222222,1.0,0.2068965517241379,0.5,0.6935483870967742,0.9148936170212766,0.8235795036461986,0.7413793103448276,0.7272727272727273,0.7272727272727273,0.7272727272727273,1.0,0.8528028654224417,0.7272727272727273,1
2016,54470,0.08695652173913049,0.32608695652173914,0.2413793103448276,0.5384615384615384,0.4048204523763681,0.3043478260869565,1.0,0.21649484536082475,0.27835051546391754,0.2871287128712872,0.8787878787878788,0.5125723331891952,0.2989690721649485,0.12195121951219512,0.1951219512195122,0.2380952380952381,0.9090909090909092,0.470881609348011,0.24390243902439024,0
1584,2889,0.9285714285714286,0.9285714285714286,0.9285714285714286,1.0,0.9636241116594316,0.9285714285714286,1.0,0.9830508474576272,0.9830508474576272,0.9830508474576272,1.0,0.9914892069294688,0.9830508474576272,0.1166666666666667,0.175,0.19354838709677424,0.8571428571428571,0.4140393356054126,0.2,1
2162,52189,0.05555555555555558,0.08333333333333333,0.05263157894736836,0.5,0.16666666666666666,0.05555555555555558,1.0,0.35,0.6333333333333333,0.581081081081081,0.7543859649122807,0.7352844856610271,0.7166666666666667,0.12903225806451613,0.20967741935483872,0.21212121212121213,0.7777777777777778,0.4190790380624747,0.22580645161290325,0
1296,37519,0.05555555555555558,0.1388888888888889,0.04761904761904767,0.25,0.11785113019775795,0.05555555555555558,0.9934967483741871,0.21621621621621623,0.5405405405405406,0.43137254901960786,0.6111111111111112,0.60279628678631,0.5945945945945945,0.15000000000000002,0.45,0.24137931034482762,0.4375,0.3913118960624632,0.35,0
2467,22438,0.07999999999999996,0.4,0.2285714285714285,0.4444444444444444,0.3771236166328253,0.31999999999999995,0.9995002498750624,0.25,0.5416666666666666,0.5465116279069767,0.7704918032786885,0.7091966773330618,0.6527777777777778,0.1818181818181817,0.4886363636363637,0.31666666666666665,0.5428571428571428,0.4841648318657443,0.43181818181818177,0
1686,2222,0.1333333333333333,0.14444444444444446,0.13043478260869568,0.8571428571428571,0.3380617018914066,0.1333333333333333,1.0,1.0,1.0,1.0,1.0,1.0,1.0,0.368421052631579,0.4473684210526316,0.5263157894736842,1.0,0.7254762501100117,0.5263157894736843,1
1728,36108,0.24,0.46,0.3125,0.5882352941176471,0.48507125007266594,0.4,0.9975024975024975,0.2222222222222222,0.5763888888888888,0.6785714285714286,0.8260869565217391,0.8086937042208112,0.7916666666666666,0.27419354838709675,0.46774193548387094,0.5147058823529411,0.8536585365853658,0.6941930657882669,0.564516129032258,0
1872,6064,0.2222222222222222,0.4722222222222222,0.40909090909090917,0.6923076923076923,0.588348405414552,0.5,0.9995004995004995,0.5555555555555556,0.6507936507936508,0.5492957746478874,0.8297872340425532,0.7167132003459626,0.6190476190476191,0.196078431372549,0.5,0.453125,0.6904761904761905,0.6265969327670923,0.5686274509803921,0
1870,42970,0.11764705882352945,0.14705882352941174,0.11111111111111116,0.6666666666666666,0.2800560168056019,0.11764705882352945,1.0,0.7215189873417722,0.7215189873417721,0.7215189873417721,1.0,0.849422737711778,0.7215189873417722,0.29824561403508776,0.4736842105263158,0.5932203389830508,0.945945945945946,0.7621312235413488,0.6140350877192983,1
577,36508,0.13636363636363635,0.19696969696969696,0.23880597014925375,0.9411764705882353,0.47766514722122566,0.24242424242424243,1.0,0.25806451612903225,0.3709677419354839,0.4226804123711341,0.9111111111111111,0.6337764908722301,0.4408602150537635,0.2564102564102564,0.5897435897435898,0.5306122448979592,0.7222222222222222,0.693888666488711,0.6666666666666667,0
2304,22101,0.0,0.5,0.0,0.0,0.0,0.0,1.0,0.4444444444444444,0.5972222222222222,0.5875,0.8545454545454545,0.7468790282423806,0.6527777777777778,0.125,0.25,0.1785714285714286,0.5555555555555556,0.3402069087198858,0.20833333333333337,0
0,30754,0.1578947368421053,0.25,0.3076923076923077,0.9230769230769231,0.539905524799017,0.3157894736842105,0.9904952476238119,0.31818181818181823,0.43636363636363634,0.47413793103448276,0.9016393442622951,0.6714310628286031,0.5,0.1333333333333333,0.36666666666666664,0.19999999999999996,0.4444444444444444,0.34426518632954817,0.2666666666666667,0
1152,30867,0.0,0.375,0.0,0.0,0.0,0.0,1.0,0.234375,0.578125,0.6533333333333333,0.8166666666666667,0.7907340998506809,0.765625,0.16216216216216217,0.5405405405405406,0.37037037037037035,0.5405405405405406,0.5405405405405406,0.5405405405405406,0
433,51912,0.16666666666666663,0.36666666666666664,0.34285714285714286,0.7058823529411765,0.5313689313240572,0.4,0.9975037443834248,0.21212121212121215,0.4621212121212121,0.5915492957746479,0.8936170212765957,0.7540990499768684,0.6363636363636364,0.13636363636363635,0.4318181818181818,0.1515151515151515,0.3125,0.26650089544451305,0.2272727272727273,0
1305,8947,0.9285714285714286,0.9285714285714286,0.9285714285714286,1.0,0.9636241116594315,0.9285714285714286,1.0,0.9855072463768116,0.9855072463768116,0.9855072463768116,1.0,0.9927271762054324,0.9855072463768116,0.05078125,0.052734375,0.0546875,1.0,0.2338535866733713,0.0546875,1
362,14819,0.11764705882352944,0.14705882352941177,0.11111111111111116,0.6666666666666666,0.2800560168056019,0.11764705882352944,1.0,0.6440677966101696,0.7203389830508474,0.7833333333333333,0.9791666666666666,0.883184082903324,0.7966101694915254,0.6470588235294117,0.6470588235294118,0.6470588235294118,1.0,0.8043996665398437,0.6470588235294117,1
1602,45698,0.09302325581395354,0.09302325581395347,0.09302325581395343,1.0,0.3049971406652093,0.09302325581395354,1.0,0.9230769230769232,0.9230769230769232,0.9230769230769232,1.0,0.9607689228305228,0.9230769230769232,0.6071428571428572,0.6071428571428571,0.6071428571428571,1.0,0.7791937224739797,0.6071428571428572,1
864,37123,0.16666666666666663,0.5555555555555556,0.45833333333333326,0.6470588235294118,0.6288281455225324,0.6111111111111112,0.9975037443834248,0.19587628865979378,0.26804123711340205,0.31313131313131315,0.9393939393939394,0.5479221492712086,0.31958762886597936,0.2941176470588235,0.5588235294117647,0.29166666666666674,0.5,0.4537426064865151,0.4117647058823529,0
0,21732,0.7222222222222222,0.7222222222222222,0.7222222222222222,1.0,0.8498365855987974,0.7222222222222222,1.0,0.8727272727272728,0.8727272727272727,0.8727272727272727,1.0,0.9341987329938276,0.8727272727272728,0.6,0.6,0.6,1.0,0.7745966692414834,0.6,1
1317,5554,0.9285714285714286,0.9285714285714286,0.9285714285714286,1.0,0.9636241116594316,0.9285714285714286,1.0,0.9710144927536232,0.9782608695652174,0.9571428571428572,0.9852941176470588,0.9781282471435878,0.9710144927536232,0.11627906976744184,0.11627906976744184,0.11627906976744184,1.0,0.34099716973523675,0.11627906976744184,1
1170,3717,0.0,0.375,0.0,0.0,0.0,0.0,1.0,0.9074074074074074,0.9074074074074074,0.9074074074074074,1.0,0.9525793444156804,0.9074074074074074,0.75,0.75,0.75,1.0,0.8660254037844387,0.75,1
2160,49744,0.0,0.11538461538461539,0.0,0.0,0.0,0.0,1.0,0.47619047619047616,0.6904761904761905,0.6438356164383562,0.8245614035087719,0.7843143397707556,0.746031746031746,0.12857142857142856,0.17142857142857143,0.2142857142857143,1.0,0.4629100498862757,0.2142857142857143,0
1012,51560,0.0,0.375,0.0,0.0,0.0,0.0,1.0,0.5,0.6875,0.6363636363636364,0.8333333333333334,0.7795119555779044,0.7291666666666667,0.2558139534883721,0.4186046511627907,0.38,0.7307692307692307,0.5682411743268503,0.4418604651162791,0
456,9212,0.7222222222222222,0.7222222222222222,0.7222222222222222,1.0,0.8498365855987974,0.7222222222222222,1.0,1.0,1.0,1.0,1.0,1.0,1.0,0.12121212121212124,0.13636363636363635,0.1515151515151515,1.0,0.3892494720807616,0.1515151515151515,1
934,56665,0.7222222222222222,0.7222222222222222,0.7222222222222222,1.0,0.8498365855987974,0.7222222222222222,0.9995004995004995,0.5142857142857142,0.5142857142857142,0.5142857142857142,1.0,0.7171371656006362,0.5142857142857142,0.08450704225352113,0.08450704225352113,0.08450704225352113,1.0,0.29070094986690553,0.08450704225352113,1
1338,22367,0.11764705882352945,0.14705882352941174,0.11111111111111116,0.6666666666666666,0.2800560168056019,0.11764705882352945,1.0,0.9642857142857144,0.9642857142857144,0.9642857142857144,1.0,0.9819805060619656,0.9642857142857144,0.1648351648351648,0.21978021978021967,0.24731182795698925,0.92,0.4822110248920824,0.25274725274725274,1
864,3656,0.2941176470588235,0.5588235294117647,0.4090909090909092,0.6428571428571429,0.583383351196948,0.5294117647058824,1.0,0.20408163265306128,0.42857142857142855,0.4137931034482758,0.7272727272727273,0.5968376775623926,0.4897959183673469,0.0,0.3928571428571429,0.3157894736842105,0.5454545454545454,0.4834937784152282,0.4285714285714286,0
432,59432,0.09090909090909094,0.13636363636363635,0.08333333333333337,0.5,0.21320071635561044,0.09090909090909094,0.9974962443665498,0.2692307692307693,0.3974358974358974,0.41666666666666674,0.8536585365853658,0.6189118737285231,0.4487179487179487,0.15217391304347827,0.2608695652173913,0.3125,0.8823529411764706,0.5363989048891137,0.32608695652173914,0
1410,4633,0.3589743589743589,0.3974358974358974,0.4,0.9411764705882352,0.6213885099044939,0.41025641025641024,1.0,0.8035714285714286,0.8928571428571429,0.8360655737704918,0.9107142857142856,0.9107142857142856,0.9107142857142856,0.2068965517241379,0.3448275862068966,0.3870967741935484,0.8571428571428571,0.5955500003825581,0.4137931034482759,1
1588,31844,0.15625,0.34375,0.4411764705882353,0.8823529411764706,0.6431196942844081,0.46875,1.0,0.32835820895522383,0.4850746268656717,0.5277777777777778,0.8837209302325582,0.7079652929012793,0.5671641791044777,0.19047619047619047,0.3928571428571429,0.36734693877551017,0.72,0.5554920598635309,0.4285714285714286,0
2017,47564,0.12,0.46,0.21052631578947367,0.3809523809523809,0.34914862437758776,0.31999999999999995,1.0,0.2933333333333333,0.4,0.4430379746835442,0.8974358974358975,0.647150228929434,0.4666666666666667,0.21052631578947367,0.42105263157894735,0.24,0.5,0.3973597071195132,0.3157894736842105,0
620,10966,0.9285714285714286,0.9285714285714286,0.9285714285714286,1.0,0.9636241116594316,0.9285714285714286,1.0,0.9705882352941176,0.9705882352941176,0.9705882352941176,1.0,0.9851843661437779,0.9705882352941176,0.2142857142857143,0.5,0.368421052631579,0.5833333333333334,0.5400617248673216,0.5,1
576,32812,0.07999999999999996,0.1,0.07692307692307687,0.6666666666666666,0.23094010767585027,0.07999999999999996,1.0,0.368421052631579,0.5263157894736842,0.5238095238095238,0.8461538461538461,0.6999132392733555,0.5789473684210527,0.13265306122448983,0.1683673469387755,0.16831683168316836,0.85,0.3839908587347318,0.173469387755102,0
2304,14532,0.040000000000000036,0.1,0.0357142857142857,0.25,0.09999999999999998,0.040000000000000036,1.0,0.4722222222222222,0.6180555555555556,0.6075949367088608,0.8727272727272727,0.7627700713964738,0.6666666666666667,0.125,0.25,0.1785714285714286,0.5555555555555556,0.3402069087198858,0.2083333333333333,0
1584,18946,0.13432835820895528,0.16417910447761194,0.1594202898550725,0.8461538461538461,0.3727207811644334,0.16417910447761197,0.9975062344139651,0.2068965517241379,0.5344827586206896,0.6923076923076923,0.8653846153846154,0.8194016708203834,0.7758620689655172,0.2666666666666667,0.525,0.5735294117647058,0.8297872340425532,0.7344124877258417,0.65,0
2430,10902,0.2428571428571429,0.24285714285714285,0.2428571428571429,1.0,0.4928053803045811,0.2428571428571429,1.0,0.725,0.725,0.725,1.0,0.85146931829632,0.725,0.6111111111111112,0.6111111111111112,0.6111111111111112,1.0,0.7817359599705717,0.6111111111111112,1
2304,54680,0.0625,0.09375,0.05882352941176472,0.5,0.17677669529663687,0.0625,0.996003996003996,0.5681818181818181,0.6875,0.6161616161616161,0.8472222222222222,0.7663413341351493,0.6931818181818181,0.25,0.4583333333333333,0.25,0.5,0.40824829046386313,0.33333333333333337,0
0,14250,0.2857142857142857,0.5357142857142857,0.42105263157894735,0.6153846153846154,0.5929994533288809,0.5714285714285714,1.0,0.15454545454545454,0.18181818181818182,0.19819819819819817,0.9565217391304348,0.43738352486814924,0.19999999999999996,0.06666666666666665,0.26666666666666666,0.09999999999999998,0.2857142857142857,0.19518001458970669,0.1333333333333333,0
1152,55625,0.038461538461538436,0.09615384615384616,0.03448275862068961,0.25,0.09805806756909208,0.038461538461538436,1.0,0.25,0.5486111111111112,0.4782608695652174,0.6875,0.6481812160876687,0.6111111111111112,0.1351351351351351,0.5,0.5217391304347826,0.7272727272727273,0.686836568438571,0.6486486486486487,0
2016,60195,0.9285714285714286,0.9285714285714286,0.9285714285714286,1.0,0.9636241116594315,0.9285714285714286,0.994,0.21518987341772156,0.31645569620253167,0.382716049382716,0.9393939393939394,0.6071432600656878,0.3924050632911392,0.2142857142857143,0.5,0.38888888888888884,0.6363636363636364,0.5640760748177662,0.5,0
770,22684,0.276595744680851,0.30851063829787234,0.3333333333333333,0.9411764705882352,0.56603931014178,0.3404255319148937,1.0,0.2622950819672131,0.5655737704918032,0.6,0.7627118644067796,0.7501041883730802,0.7377049180327868,0.4054054054054054,0.6081081081081081,0.5217391304347826,0.7272727272727273,0.6868365684385711,0.6486486486486487,0
913,32191,0.9285714285714286,0.9285714285714286,0.9285714285714286,1.0,0.9636241116594315,0.9285714285714286,1.0,0.9393939393939394,0.9696969696969697,0.8857142857142857,0.9393939393939394,0.9393939393939394,0.9393939393939394,0.03191489361702127,0.031914893617021274,0.03191489361702127,1.0,0.17864740025262416,0.03191489361702127,1
2304,28826,0.038461538461538436,0.057692307692307696,0.03703703703703698,0.5,0.13867504905630734,0.038461538461538436,0.9950099800399201,0.3846153846153846,0.5384615384615384,0.63,0.875,0.7783117824941563,0.6923076923076923,0.125,0.1875,0.15384615384615385,0.6666666666666666,0.33333333333333326,0.16666666666666663,0
1732,16893,0.2058823529411765,0.22794117647058826,0.2318840579710145,0.9411764705882352,0.4705882352941176,0.2352941176470589,0.999498746867168,0.1923076923076923,0.5128205128205128,0.6363636363636364,0.8484848484848485,0.7804925426732847,0.7179487179487181,0.2608695652173913,0.4782608695652174,0.30000000000000004,0.5625,0.4691574316284183,0.3913043478260869,0
1008,24141,0.11764705882352944,0.14705882352941177,0.11111111111111116,0.6666666666666666,0.2800560168056019,0.11764705882352944,1.0,0.4285714285714286,0.5555555555555556,0.5362318840579711,0.8604651162790697,0.7108815151685565,0.5873015873015873,0.12,0.2,0.18518518518518512,0.7142857142857143,0.3779644730092273,0.19999999999999996,0
720,4512,0.0,0.5,0.0,0.0,0.0,0.0,1.0,0.33333333333333337,0.42592592592592593,0.4642857142857143,0.9285714285714286,0.6686478498357317,0.4814814814814815,0.19354838709677424,0.2903225806451613,0.2941176470588236,0.7692307692307693,0.4981354813867178,0.32258064516129037,0
2497,12898,0.1428571428571429,0.14285714285714285,0.1428571428571428,1.0,0.3779644730092272,0.1428571428571429,1.0,0.931818181818182,0.9318181818181818,0.9318181818181818,1.0,0.9653072991634228,0.931818181818182,0.2857142857142857,0.4428571428571429,0.6571428571428571,1.0,0.8106434833777776,0.6571428571428571,1
576,26220,0.12,0.26,0.16666666666666663,0.5,0.316227766016838,0.19999999999999996,1.0,0.25,0.45,0.4776119402985075,0.8205128205128205,0.6615185844757785,0.5333333333333333,0.16326530612244894,0.18877551020408162,0.2142857142857143,1.0,0.4629100498862757,0.2142857142857143,0
146,20657,0.14035087719298245,0.18421052631578946,0.2068965517241379,0.9230769230769232,0.4408310150223871,0.21052631578947367,1.0,0.29670329670329665,0.4725274725274725,0.5841584158415841,0.855072463768116,0.744572119639302,0.6483516483516483,0.10526315789473684,0.14912280701754385,0.09677419354838712,0.5454545454545454,0.2396169191492616,0.10526315789473684,0
0,47322,0.0,0.11538461538461539,0.0,0.0,0.0,0.0,1.0,0.44545454545454544,0.5727272727272728,0.6696428571428571,0.974025974025974,0.8149285972734502,0.6818181818181819,0.06666666666666665,0.3,0.09523809523809523,0.25,0.18257418583505536,0.1333333333333333,0
1010,12021,0.1578947368421053,0.5263157894736842,0.24137931034482762,0.4117647058823529,0.3894904188522601,0.368421052631579,0.9975049900199601,0.25373134328358204,0.5149253731343284,0.5256410256410257,0.7884615384615384,0.6946160012609895,0.6119402985074627,0.4285714285714286,0.6309523809523809,0.48076923076923084,0.7142857142857143,0.6520506636966263,0.5952380952380952,0
1584,20187,0.16417910447761197,0.1791044776119403,0.19402985074626866,1.0,0.44048819592160315,0.19402985074626866,1.0,0.2586206896551724,0.3879310344827586,0.39682539682539675,0.8333333333333334,0.5993291268567302,0.43103448275862066,0.25,0.3,0.265625,0.8095238095238095,0.4789207443461594,0.2833333333333333,0
576,25897,0.14925373134328357,0.26119402985074625,0.19480519480519476,0.6,0.3665083330689157,0.22388059701492535,1.0,0.21999999999999997,0.305,0.37623762376237624,0.9743589743589743,0.6084869844593311,0.38,0.2755102040816326,0.37755102040816324,0.47959183673469385,1.0,0.6925256939166184,0.47959183673469385,0
1152,19941,0.0,0.375,0.0,0.0,0.0,0.0,1.0,0.140625,0.2265625,0.2727272727272727,0.9,0.5031152949374527,0.28125,0.16216216216216217,0.21621621621621623,0.23684210526315785,0.9,0.4678877204190328,0.2432432432432432,0
1619,2810,0.2777777777777778,0.5277777777777778,0.5217391304347826,0.7058823529411765,0.6859943405700354,0.6666666666666667,1.0,0.2333333333333333,0.4666666666666667,0.6451612903225806,0.9523809523809524,0.7968190728895957,0.6666666666666667,0.21212121212121213,0.4696969696969697,0.7272727272727273,1.0,0.8528028654224418,0.7272727272727273,1
577,40758,0.24,0.46,0.3125,0.5882352941176471,0.48507125007266594,0.4,0.9995,0.2222222222222222,0.5,0.4814814814814814,0.7428571428571429,0.6551384198826605,0.5777777777777777,0.2777777777777778,0.3611111111111111,0.30000000000000004,0.75,0.5,0.33333333333333337,0
1011,5114,0.11111111111111116,0.16666666666666666,0.09999999999999998,0.5,0.2357022603955159,0.11111111111111116,1.0,0.35,0.6,0.5102040816326531,0.7352941176470589,0.6779076806833005,0.625,0.0714285714285714,0.32142857142857145,0.1578947368421053,0.375,0.2834733547569204,0.2142857142857143,0
698,23319,0.2428571428571429,0.24285714285714285,0.2428571428571429,1.0,0.4928053803045811,0.2428571428571429,0.9935064935064936,0.2063492063492064,0.5396825396825397,0.569620253164557,0.7377049180327869,0.7259008777437409,0.7142857142857143,0.3142857142857143,0.3142857142857143,0.3142857142857143,1.0,0.5606119105813882,0.3142857142857143,0
576,18362,0.16666666666666663,0.2727272727272727,0.21333333333333337,0.64,0.39389277113386467,0.24242424242424243,0.999002493765586,0.328125,0.4609375,0.5147058823529411,0.8974358974358975,0.7005606728972562,0.546875,0.10204081632653061,0.11734693877551021,0.10999999999999999,0.8461538461538461,0.3081824980742891,0.11224489795918369,0
2364,11463,0.9285714285714286,0.9285714285714286,0.9285714285714286,1.0,0.9636241116594315,0.9285714285714286,1.0,1.0,1.0,1.0,1.0,1.0,1.0,0.7777777777777778,0.7777777777777778,0.7777777777777778,1.0,0.8819171036881969,0.7777777777777778,1
1585,38692,0.0,0.15384615384615385,0.0,0.0,0.0,0.0,1.0,0.17948717948717952,0.5256410256410257,0.5416666666666666,0.7428571428571429,0.7037315505489967,0.6666666666666667,0.240506329113924,0.34810126582278483,0.3928571428571428,0.868421052631579,0.6022940820113123,0.4177215189873418,0
1277,19947,0.9285714285714286,0.9285714285714286,0.9285714285714286,1.0,0.9636241116594316,0.9285714285714286,1.0,0.5913978494623655,0.6505376344086021,0.6914893617021277,0.9848484848484848,0.8296595461564406,0.6989247311827957,0.065359477124183,0.06862745098039216,0.07189542483660127,1.0,0.26813322217994795,0.07189542483660127,1
577,11768,0.0,0.11764705882352941,0.0,0.0,0.0,0.0,1.0,0.13043478260869568,0.5217391304347826,0.4444444444444444,0.6222222222222222,0.6154217751694012,0.6086956521739131,0.25,0.3333333333333333,0.275,0.7333333333333333,0.47336463120312877,0.3055555555555556,0
1155,10333,0.05882352941176472,0.17647058823529413,0.04761904761904767,0.19999999999999996,0.10846522890932808,0.05882352941176472,0.9880179730404394,0.31818181818181823,0.5833333333333334,0.5822784810126582,0.7796610169491526,0.7371567694338407,0.696969696969697,0.125,0.171875,0.1470588235294118,0.7142857142857143,0.33407655239053047,0.15625,0
0,4276,0.2068965517241379,0.3275862068965517,0.3548387096774194,0.8461538461538461,0.5665288228870652,0.3793103448275862,0.9984992496248124,0.2545454545454545,0.5545454545454546,0.664,0.8469387755102041,0.7994084083492727,0.7545454545454545,0.23684210526315785,0.3157894736842105,0.32499999999999996,0.8666666666666667,0.5445100807792042,0.3421052631578947,0
882,16444,0.24561403508771928,0.2719298245614035,0.29824561403508776,1.0,0.5461186812727502,0.29824561403508776,1.0,0.7017543859649122,0.7192982456140351,0.7719298245614035,1.0,0.8785953702139588,0.7719298245614035,0.3548387096774194,0.3548387096774194,0.3548387096774194,1.0,0.5956833971812706,0.3548387096774194,1
2366,23681,0.06060606060606055,0.060606060606060615,0.06060606060606055,1.0,0.2461829819586654,0.06060606060606055,1.0,1.0,1.0,1.0,1.0,1.0,1.0,0.2413793103448276,0.27586206896551724,0.288135593220339,0.9444444444444444,0.526136791501647,0.2931034482758621,1
1296,22713,0.36363636363636365,0.36363636363636365,0.36363636363636365,1.0,0.6030226891555273,0.36363636363636365,1.0,0.4878048780487805,0.6829268292682927,0.6041666666666666,0.8055555555555556,0.7548398491282626,0.7073170731707317,0.6875,0.6875,0.6875,1.0,0.82915619758885,0.6875,0
433,15053,0.18181818181818177,0.4772727272727273,0.3928571428571428,0.6470588235294118,0.5687964589945211,0.5,1.0,0.21212121212121215,0.5606060606060606,0.5476190476190477,0.71875,0.7077760731311632,0.696969696969697,0.06976744186046513,0.22093023255813954,0.22916666666666663,0.6875,0.4193710684146629,0.2558139534883721,0
290,27401,0.0,0.5,0.4782608695652174,0.6470588235294118,0.6470588235294118,0.6470588235294117,1.0,0.23943661971830987,0.4507042253521127,0.4691358024691358,0.7916666666666666,0.6509292743361551,0.5352112676056338,0.13636363636363635,0.36363636363636365,0.2962962962962963,0.6153846153846154,0.47304991679126607,0.36363636363636365,0
2232,4281,0.16000000000000003,0.42,0.5555555555555556,0.8823529411764706,0.7276068751089989,0.6,1.0,0.7875,0.80625,0.8395061728395061,0.9855072463768116,0.9152492334988814,0.85,0.19999999999999996,0.225,0.25,1.0,0.5,0.25,1
1728,20925,0.0,0.11764705882352941,0.0,0.0,0.0,0.0,1.0,0.20999999999999996,0.465,0.5087719298245614,0.8055555555555556,0.683536555146996,0.5800000000000001,0.09677419354838712,0.13709677419354838,0.10606060606060608,0.6363636363636364,0.26804385337361925,0.11290322580645162,0
576,51110,0.23913043478260865,0.3804347826086957,0.41999999999999993,0.84,0.6192562158505679,0.4565217391304348,1.0,0.20512820512820518,0.5641025641025641,0.3448275862068966,0.5128205128205128,0.5128205128205128,0.5128205128205128,0.09183673469387754,0.09183673469387756,0.09183673469387754,1.0,0.30304576336566325,0.09183673469387754,0
1610,7403,0.9285714285714286,0.9285714285714286,0.9285714285714286,1.0,0.9636241116594316,0.9285714285714286,1.0,0.9772727272727272,0.9772727272727272,0.9772727272727272,1.0,0.9885710532241612,0.9772727272727272,0.7692307692307692,0.7692307692307693,0.7692307692307693,1.0,0.8770580193070293,0.7692307692307692,1
1008,51926,0.11764705882352944,0.14705882352941177,0.11111111111111116,0.6666666666666666,0.2800560168056019,0.11764705882352944,1.0,0.23809523809523814,0.36507936507936506,0.4545454545454546,0.9090909090909091,0.657951694959769,0.47619047619047616,0.12,0.26,0.25,0.7,0.4427188724235731,0.28,0
2304,58708,0.8,0.8,0.8,1.0,0.8944271909999159,0.8,1.0,1.0,1.0,1.0,1.0,1.0,1.0,0.4166666666666666,0.4166666666666667,0.4166666666666667,1.0,0.6454972243679028,0.4166666666666666,1
1731,7638,0.058823529411764726,0.08823529411764706,0.05555555555555558,0.5,0.17149858514250882,0.058823529411764726,1.0,0.1875,0.515625,0.5324675324675324,0.7592592592592593,0.6974241628757659,0.640625,0.19047619047619047,0.5476190476190477,0.32258064516129026,0.5,0.4879500364742666,0.4761904761904762,0
1916,27225,0.2352941176470589,0.4705882352941176,0.3809523809523809,0.6666666666666666,0.5601120336112039,0.4705882352941176,1.0,0.7846153846153846,0.8076923076923077,0.7647058823529411,0.9454545454545454,0.8696916904073744,0.8,0.1348314606741573,0.15730337078651685,0.1797752808988764,1.0,0.423999152002544,0.1797752808988764,1
576,20137,0.07999999999999996,0.32,0.18181818181818188,0.4285714285714286,0.32071349029490925,0.24,1.0,0.27083333333333337,0.5416666666666666,0.42622950819672134,0.6666666666666666,0.6009252125773316,0.5416666666666667,0.0714285714285714,0.08163265306122448,0.07000000000000006,0.7777777777777778,0.2357022603955159,0.0714285714285714,0
728,39468,0.17391304347826084,0.17391304347826084,0.17391304347826084,1.0,0.4170288281141496,0.17391304347826084,1.0,0.7272727272727273,0.7575757575757576,0.7941176470588235,0.9642857142857144,0.8882347881956881,0.8181818181818181,0.2407407407407407,0.25,0.2592592592592593,1.0,0.5091750772173156,0.2592592592592593,1
1009,12711,0.6216216216216216,0.6486486486486487,0.5897435897435898,0.92,0.7562353416046435,0.6216216216216216,0.9989994997498749,0.27692307692307694,0.5461538461538461,0.620253164556962,0.7777777777777778,0.7657184771995426,0.7538461538461538,0.19999999999999996,0.25,0.2857142857142857,0.9629629629629629,0.5274365368568266,0.28888888888888886,0
2227,44555,0.15714285714285714,0.17142857142857146,0.18571428571428567,1.0,0.4309458036856673,0.18571428571428567,1.0,0.875,0.875,0.875,1.0,0.9354143466934852,0.875,0.7333333333333334,0.7333333333333333,0.7333333333333333,1.0,0.8563488385776753,0.7333333333333334,1
375,25906,0.029411764705882363,0.04411764705882353,0.04347826086956519,0.75,0.1819017187772497,0.04411764705882349,1.0,1.0,1.0,1.0,1.0,1.0,1.0,0.5416666666666667,0.5416666666666666,0.5416666666666666,1.0,0.7359800721939872,0.5416666666666667,1
720,56764,0.09999999999999998,0.25,0.07692307692307687,0.25,0.158113883008419,0.09999999999999998,1.0,0.35416666666666663,0.6041666666666666,0.5517241379310345,0.7619047619047619,0.7126966450997984,0.6666666666666667,0.11111111111111116,0.4166666666666667,0.24,0.46153846153846156,0.3922322702763681,0.33333333333333337,0
864,38043,0.11764705882352945,0.4705882352941176,0.29166666666666674,0.5,0.4537426064865151,0.4117647058823529,1.0,0.18367346938775508,0.42857142857142855,0.490909090909091,0.8181818181818182,0.6714423872576917,0.5510204081632653,0.2142857142857143,0.42857142857142855,0.21052631578947367,0.4444444444444444,0.3563483225498991,0.2857142857142857,0
3,40086,0.024390243902439046,0.06097560975609756,0.022727272727272707,0.25,0.07808688094430305,0.024390243902439046,1.0,0.28888888888888886,0.5222222222222223,0.5631067961165048,0.8169014084507042,0.7255670708727748,0.6444444444444444,0.05882352941176472,0.09803921568627451,0.054545454545454564,0.4285714285714286,0.15877683720748892,0.05882352941176472,0
576,12357,0.07999999999999996,0.1,0.07692307692307687,0.6666666666666666,0.23094010767585027,0.07999999999999996,1.0,0.17948717948717952,0.46153846153846156,0.3877551020408163,0.6551724137931034,0.56496598177755,0.4871794871794872,0.18367346938775508,0.23979591836734693,0.2450980392156863,0.8620689655172413,0.4689515459275806,0.2551020408163265,0
2016,7166,0.9285714285714286,0.9285714285714286,0.9285714285714286,1.0,0.9636241116594315,0.9285714285714286,0.9995,0.1923076923076923,0.41346153846153844,0.41666666666666674,0.7575757575757576,0.6035056869815845,0.4807692307692307,0.2142857142857143,0.5,0.38888888888888884,0.6363636363636364,0.5640760748177662,0.5,0
1625,4099,0.1428571428571429,0.4761904761904762,0.4074074074074073,0.6470588235294118,0.5821817364274594,0.5238095238095238,1.0,1.0,1.0,1.0,1.0,1.0,1.0,0.5,0.5,0.5,1.0,0.7071067811865475,0.5,1
1524,35404,0.05714285714285716,0.05714285714285714,0.05714285714285716,1.0,0.23904572186687867,0.05714285714285716,1.0,0.5915492957746479,0.6267605633802817,0.6621621621621622,0.9423076923076923,0.8064273228788756,0.6901408450704225,0.1515151515151515,0.2727272727272727,0.3939393939393939,1.0,0.6276459144608478,0.3939393939393939,1
432,29315,0.0,0.375,0.0,0.0,0.0,0.0,1.0,0.2564102564102564,0.38461538461538464,0.40476190476190477,0.85,0.608697642933518,0.4358974358974359,0.08695652173913049,0.13043478260869565,0.10204081632653061,0.625,0.26064301757134345,0.10869565217391308,0
2450,37521,0.0,0.1153846153846154,0.0,0.0,0.0,0.0,1.0,0.8448275862068966,0.8491379310344828,0.8376068376068376,0.98989898989899,0.9144911012278952,0.8448275862068966,0.3076923076923077,0.3076923076923077,0.3076923076923077,1.0,0.5547001962252289,0.3076923076923077,1
2016,42486,0.1470588235294118,0.2647058823529412,0.2702702702702703,0.7692307692307693,0.47565149415449404,0.2941176470588235,0.999000999000999,0.29268292682926833,0.5487804878048781,0.574468085106383,0.8181818181818182,0.7340317845664998,0.6585365853658536,0.10204081632653061,0.16326530612244897,0.15384615384615385,0.7272727272727273,0.3445843938031584,0.16326530612244894,0
1051,49847,0.2142857142857143,0.2285714285714285,0.2428571428571429,1.0,0.4928053803045811,0.2428571428571429,0.997005988023952,0.2906976744186046,0.5232558139534884,0.51,0.7846153846153846,0.6821254796196465,0.5930232558139534,0.1944444444444444,0.4722222222222222,0.3695652173913043,0.6296296296296297,0.5452752542346465,0.4722222222222222,0
1468,26277,0.9285714285714286,0.9285714285714286,0.9285714285714286,1.0,0.9636241116594316,0.9285714285714286,1.0,1.0,1.0,1.0,1.0,1.0,1.0,0.039867109634551534,0.044850498338870434,0.039473684210526334,0.8,0.1785880390945631,0.039867109634551534,1
1440,23208,0.3666666666666667,0.4666666666666667,0.38235294117647056,0.7647058823529411,0.5756496756010621,0.43333333333333335,1.0,0.921875,0.921875,0.921875,1.0,0.960143218483576,0.921875,0.6129032258064516,0.6129032258064516,0.6129032258064516,1.0,0.7828813612588127,0.6129032258064516,1
1584,584,0.08955223880597019,0.1417910447761194,0.12676056338028174,0.6923076923076923,0.30495336640726367,0.13432835820895528,0.9985022466300549,0.2247191011235955,0.43820224719101125,0.5154639175257731,0.8620689655172413,0.6959227023125168,0.5617977528089888,0.35,0.35,0.35,1.0,0.5916079783099616,0.35,0
1584,61118,0.0,0.15384615384615385,0.0,0.0,0.0,0.0,1.0,0.15254237288135597,0.5423728813559322,0.40963855421686746,0.5862068965517241,0.5812178109586541,0.576271186440678,0.06666666666666665,0.08333333333333333,0.06451612903225801,0.6666666666666666,0.21081851067789192,0.06666666666666665,0
1915,55905,0.9444444444444444,0.9444444444444444,0.9444444444444444,1.0,0.9718253158075502,0.9444444444444444,1.0,1.0,1.0,1.0,1.0,1.0,1.0,0.7857142857142857,0.7857142857142857,0.7857142857142857,1.0,0.8864052604279183,0.7857142857142857,1
1584,60828,0.0,0.11538461538461539,0.0,0.0,0.0,0.0,1.0,0.20999999999999996,0.39,0.4495412844036697,0.8448275862068966,0.6434015210126405,0.49,0.1166666666666667,0.16666666666666666,0.15873015873015872,0.7692307692307693,0.3580574370197165,0.16666666666666663,0
1296,20977,0.12903225806451613,0.12903225806451613,0.12903225806451613,1.0,0.3592106040535499,0.12903225806451613,1.0,0.1686746987951807,0.30120481927710846,0.38372093023255816,0.9166666666666666,0.6037034299432968,0.3975903614457831,0.125,0.375,0.13043478260869568,0.30000000000000004,0.2371708245126285,0.1875,0
1296,17756,0.05555555555555558,0.1388888888888889,0.04761904761904767,0.25,0.11785113019775795,0.05555555555555558,1.0,0.25,0.3888888888888889,0.30952380952380953,0.6842105263157895,0.4970674233862171,0.36111111111111116,0.125,0.46875,0.16000000000000003,0.3076923076923077,0.2773500981126146,0.25,0
808,5473,0.9285714285714286,0.9285714285714286,0.9285714285714286,1.0,0.9636241116594315,0.9285714285714286,1.0,0.9642857142857143,0.9642857142857143,0.9642857142857143,1.0,0.9819805060619657,0.9642857142857143,0.17391304347826086,0.2391304347826087,0.22448979591836737,0.7857142857142857,0.4334607234315053,0.23913043478260865,1
914,5097,0.16176470588235292,0.17647058823529413,0.19117647058823528,1.0,0.4372373160976031,0.19117647058823528,1.0,0.9215686274509804,0.9215686274509803,0.9215686274509803,1.0,0.9599836599916586,0.9215686274509804,0.5384615384615384,0.5384615384615384,0.5384615384615384,1.0,0.7337993857053429,0.5384615384615384,1
2478,5010,0.2608695652173913,0.31521739130434784,0.3125,0.8823529411764706,0.5363989048891137,0.32608695652173914,1.0,1.0,1.0,1.0,1.0,1.0,1.0,0.25773195876288657,0.3711340206185567,0.5154639175257731,1.0,0.7179581586177379,0.5154639175257731,1
1,57260,0.0,0.375,0.0,0.0,0.0,0.0,1.0,0.23076923076923073,0.3791208791208791,0.5053763440860215,0.9591836734693877,0.7038483903704308,0.5164835164835164,0.10526315789473684,0.19736842105263158,0.11363636363636365,0.4545454545454546,0.2445579940222593,0.13157894736842102,0
